id,domain,risk_level,ko,plain_ko,aliases,vi,th,id_translation,ne,km,manufacturing_context,translation_status
T056,machine,critical,프레스,압력을 가해 찍거나 누르는 기계,프레스기,máy dập,เครื่องปั๊ม,mesin press,प्रेस मेसिन,ម៉ាស៊ីនបុក/ចុច,Translate as manufacturing equipment or machine-part terminology. Prefer literal safety-critical wording over casual wording.,machine_seeded_needs_native_review
T057,machine,critical,사출기,플라스틱을 금형에 넣어 제품을 만드는 기계,인젝션,máy ép nhựa,เครื่องฉีดพลาสติก,mesin injeksi plastik,प्लास्टिक इन्जेक्सन मेसिन,ម៉ាស៊ីនចាក់ប្លាស្ទិក,Translate as manufacturing equipment or machine-part terminology. Prefer literal safety-critical wording over casual wording.,machine_seeded_needs_native_review
T058,machine,critical,컨베이어,물건을 자동으로 이동시키는 벨트 설비,벨트컨베이어,băng tải,สายพานลำเลียง,konveyor,कन्वेयर बेल्ट,ខ្សែបញ្ជូន,Translate as manufacturing equipment or machine-part terminology. Prefer literal safety-critical wording over casual wording.,machine_seeded_needs_native_review
T059,machine,critical,롤러,회전하며 물건을 누르거나 이동시키는 부품,로라,con lăn,ลูกกลิ้ง,rol,रोलर,រ៉ូឡូ,Translate as manufacturing equipment or machine-part terminology. Prefer literal safety-critical wording over casual wording.,machine_seeded_needs_native_review
T060,machine,critical,절단기,물건을 자르는 기계,커터,máy cắt,เครื่องตัด,mesin pemotong,काट्ने मेसिन,ម៉ាស៊ីនកាត់,Translate as manufacturing equipment or machine-part terminology. Prefer literal safety-critical wording over casual wording.,machine_seeded_needs_native_review
T061,machine,critical,파쇄기,물건을 부수는 기계,분쇄기,máy nghiền,เครื่องบด/เครื่องย่อย,mesin penghancur,क्रसर मेसिन,ម៉ាស៊ីនកម្ទេច,Translate as manufacturing equipment or machine-part terminology. Prefer literal safety-critical wording over casual wording.,machine_seeded_needs_native_review
T062,machine,critical,압축기,물건을 눌러 압축하는 기계,프레스압축기,máy ép nén,เครื่องอัด,mesin kompresi,कम्प्रेस गर्ने मेसिन,ម៉ាស៊ីនបង្ហាប់,Translate as manufacturing equipment or machine-part terminology. Prefer literal safety-critical wording over casual wording.,machine_seeded_needs_native_review
T063,machine,critical,혼합기,재료를 섞는 기계,믹서,máy trộn,เครื่องผสม,mesin pencampur,मिक्सर मेसिन,ម៉ាស៊ីនលាយ,Translate as manufacturing equipment or machine-part terminology. Prefer literal safety-critical wording over casual wording.,machine_seeded_needs_native_review
T064,machine,high,포장기,제품을 자동 포장하는 기계,랩핑기,máy đóng gói,เครื่องบรรจุภัณฑ์,mesin pengemas,प्याकिङ मेसिन,ម៉ាស៊ីនវេចខ្ចប់,Translate as manufacturing equipment or machine-part terminology. Prefer literal safety-critical wording over casual wording.,machine_seeded_needs_native_review
T065,machine,high,선반,금속을 깎는 회전 가공 기계,lathe,máy tiện,เครื่องกลึง,mesin bubut,लेथ मेसिन,ម៉ាស៊ីនក្រឡឹង,Translate as manufacturing equipment or machine-part terminology. Prefer literal safety-critical wording over casual wording.,machine_seeded_needs_native_review
T066,machine,high,밀링기,금속을 절삭 가공하는 기계,밀링머신,máy phay,เครื่องกัด,mesin frais,मिलिङ मेसिन,ម៉ាស៊ីនកាត់មីលីង,Translate as manufacturing equipment or machine-part terminology. Prefer literal safety-critical wording over casual wording.,machine_seeded_needs_native_review
T067,machine,high,드릴,구멍을 뚫는 공구,전동드릴,máy khoan,สว่าน,bor,ड्रिल,ម៉ាស៊ីនខួង,Translate as manufacturing equipment or machine-part terminology. Prefer literal safety-critical wording over casual wording.,machine_seeded_needs_native_review
T068,machine,high,그라인더,금속을 갈거나 절단하는 공구,연마기,máy mài,เครื่องเจียร,gerinda,ग्राइन्डर,ម៉ាស៊ីនកិន,Translate as manufacturing equipment or machine-part terminology. Prefer literal safety-critical wording over casual wording.,machine_seeded_needs_native_review
T069,machine,high,톱날,자르는 날이 있는 부품,톱,lưỡi cưa,ใบเลื่อย,mata gergaji,आरा ब्लेड,ផ្លែកាំបិតរណារ,Translate as manufacturing equipment or machine-part terminology. Prefer literal safety-critical wording over casual wording.,machine_seeded_needs_native_review
T070,machine,high,칼날,자르는 날카로운 부품,블레이드,lưỡi dao,ใบมีด,mata pisau,ब्लेड,ផ្លែកាំបិត,Translate as manufacturing equipment or machine-part terminology. Prefer literal safety-critical wording over casual wording.,machine_seeded_needs_native_review
T071,machine,critical,회전체,돌아가는 기계 부품,회전부,bộ phận quay,ชิ้นส่วนหมุน,bagian berputar,घुम्ने भाग,ផ្នែកបង្វិល,Translate as manufacturing equipment or machine-part terminology. Prefer literal safety-critical wording over casual wording.,machine_seeded_needs_native_review
T072,machine,critical,동력전달부,동력을 전달하는 벨트나 체인 부품,구동부,bộ phận truyền động,ส่วนส่งกำลัง,bagian transmisi daya,शक्ति प्रसारण भाग,ផ្នែកបញ្ជូនកម្លាំង,Translate as manufacturing equipment or machine-part terminology. Prefer literal safety-critical wording over casual wording.,machine_seeded_needs_native_review
T073,machine,critical,끼임점,손이나 몸이 끼일 수 있는 위치,협착점,điểm kẹp,จุดหนีบ,titik jepit,च्यापिने बिन्दु,ចំណុចគៀប,Translate as manufacturing equipment or machine-part terminology. Prefer literal safety-critical wording over casual wording.,machine_seeded_needs_native_review
T074,machine,high,방호덮개,위험 부위를 덮는 보호 장치,안전커버,nắp che bảo vệ,ฝาครอบนิรภัย,penutup pelindung,सुरक्षा कभर,គម្របការពារ,Translate as manufacturing equipment or machine-part terminology. Prefer literal safety-critical wording over casual wording.,machine_seeded_needs_native_review
T075,machine,high,인터록,문이 열리면 기계가 멈추는 안전장치,연동장치,khóa liên động an toàn,ระบบอินเตอร์ล็อก,interlock keselamatan,सेफ्टी इन्टरलक,ប្រព័ន្ធអ៊ីនធឺឡក់សុវត្ថិភាព,Translate as manufacturing equipment or machine-part terminology. Prefer literal safety-critical wording over casual wording.,machine_seeded_needs_native_review
T076,machine,high,센서,위치나 사람을 감지하는 장치,감지기,cảm biến,เซนเซอร์,sensor,सेन्सर,ឧបករណ៍ចាប់សញ្ញា,Translate as manufacturing equipment or machine-part terminology. Prefer literal safety-critical wording over casual wording.,machine_seeded_needs_native_review
T077,machine,high,비상정지버튼,기계를 급히 멈추는 버튼,이머전시버튼,nút dừng khẩn cấp,ปุ่มหยุดฉุกเฉิน,tombol berhenti darurat,आपतकालीन रोक्ने बटन,ប៊ូតុងបញ្ឈប់បន្ទាន់,Translate as manufacturing equipment or machine-part terminology. Prefer literal safety-critical wording over casual wording.,machine_seeded_needs_native_review
T078,machine,normal,지그,제품을 고정하는 작업 도구,고정틀,đồ gá,จิ๊กจับงาน,jig,जिग,ជីក/ឧបករណ៍ចាប់តម្រង់,Translate as manufacturing equipment or machine-part terminology. Prefer literal safety-critical wording over casual wording.,machine_seeded_needs_native_review
T079,machine,normal,금형,제품 모양을 만드는 틀,몰드,khuôn,แม่พิมพ์,cetakan,मोल्ड,ពុម្ព,Translate as manufacturing equipment or machine-part terminology. Prefer literal safety-critical wording over casual wording.,machine_seeded_needs_native_review
T080,machine,normal,공압,압축공기를 이용한 힘,에어압,khí nén,ระบบลม,pneumatik,न्युम्याटिक,ប្រព័ន្ធខ្យល់បង្ហាប់,Translate as manufacturing equipment or machine-part terminology. Prefer literal safety-critical wording over casual wording.,machine_seeded_needs_native_review
T081,machine,normal,유압,기름 압력을 이용한 힘,오일압,thủy lực,ระบบไฮดรอลิก,hidrolik,हाइड्रोलिक,ប្រព័ន្ធហាយដ្រូលិក,Translate as manufacturing equipment or machine-part terminology. Prefer literal safety-critical wording over casual wording.,machine_seeded_needs_native_review
T082,machine,high,에어건,압축공기를 분사하는 도구,공기총,súng hơi,ปืนลม,air gun,एयर गन,កាំភ្លើងខ្យល់,Translate as manufacturing equipment or machine-part terminology. Prefer literal safety-critical wording over casual wording.,machine_seeded_needs_native_review
T083,machine,high,콤프레서,압축공기를 만드는 장비,공기압축기,máy nén khí,เครื่องอัดอากาศ,kompresor,कम्प्रेसर,ម៉ាស៊ីនបង្ហាប់ខ្យល់,Translate as manufacturing equipment or machine-part terminology. Prefer literal safety-critical wording over casual wording.,machine_seeded_needs_native_review
T084,machine,normal,작업대,작업을 하는 테이블,테이블,bàn làm việc,โต๊ะทำงาน,meja kerja,वर्कबेन्च,តុធ្វើការ,Translate as manufacturing equipment or machine-part terminology. Prefer literal safety-critical wording over casual wording.,machine_seeded_needs_native_review
T085,machine,normal,공구함,공구를 보관하는 상자,툴박스,hộp dụng cụ,กล่องเครื่องมือ,kotak alat,औजार बाकस,ប្រអប់ឧបករណ៍,Translate as manufacturing equipment or machine-part terminology. Prefer literal safety-critical wording over casual wording.,machine_seeded_needs_native_review
T131,welding,critical,용접,금속을 열로 붙이는 작업,웰딩,hàn,การเชื่อม,pengelasan,वेल्डिङ,ផ្សារដែក,"Translate in welding, cutting, fire-prevention context. Preserve fire/explosion hazard wording.",machine_seeded_needs_native_review
T132,welding,high,용접봉,용접에 쓰는 금속 막대,전극봉,que hàn,ลวดเชื่อม,elektroda las,वेल्डिङ रड,ដំបងផ្សារ,"Translate in welding, cutting, fire-prevention context. Preserve fire/explosion hazard wording.",machine_seeded_needs_native_review
T133,welding,critical,용접불꽃,용접 중 발생하는 불꽃,스파크,tia lửa hàn,สะเก็ดไฟเชื่อม,percikan las,वेल्डिङको झिल्का,ផ្កាភ្លើងផ្សារ,"Translate in welding, cutting, fire-prevention context. Preserve fire/explosion hazard wording.",machine_seeded_needs_native_review
T134,welding,critical,불티,작업 중 튀는 작은 불꽃,스패터,tia lửa,สะเก็ดไฟ,percikan api,आगोको झिल्का,ផ្កាភ្លើង,"Translate in welding, cutting, fire-prevention context. Preserve fire/explosion hazard wording.",machine_seeded_needs_native_review
T135,welding,critical,가연물,불이 붙기 쉬운 물질,인화물,vật dễ cháy,วัสดุไวไฟ,bahan mudah terbakar,ज्वलनशील वस्तु,វត្ថុងាយឆេះ,"Translate in welding, cutting, fire-prevention context. Preserve fire/explosion hazard wording.",machine_seeded_needs_native_review
T136,welding,critical,인화성물질,쉽게 불이 붙는 물질,인화물질,chất dễ bắt lửa,สารไวไฟ,bahan mudah menyala,छिटो आगो लाग्ने पदार्थ,សារធាតុងាយឆេះ,"Translate in welding, cutting, fire-prevention context. Preserve fire/explosion hazard wording.",machine_seeded_needs_native_review
T137,welding,critical,산소통,산소가 들어 있는 압력용기,산소용기,bình oxy,ถังออกซิเจน,tabung oksigen,अक्सिजन सिलिन्डर,ធុងអុកស៊ីសែន,"Translate in welding, cutting, fire-prevention context. Preserve fire/explosion hazard wording.",machine_seeded_needs_native_review
T138,welding,critical,가스통,가스가 들어 있는 압력용기,가스용기,bình gas,ถังแก๊ส,tabung gas,ग्यास सिलिन्डर,ធុងហ្គាស,"Translate in welding, cutting, fire-prevention context. Preserve fire/explosion hazard wording.",machine_seeded_needs_native_review
T139,welding,critical,역화방지기,불꽃이 가스통으로 역류하는 것을 막는 장치,역화장치,van chống cháy ngược,อุปกรณ์กันไฟย้อนกลับ,alat pencegah api balik,ब्याकफायर रोक्ने उपकरण,ឧបករណ៍ការពារភ្លើងត្រឡប់,"Translate in welding, cutting, fire-prevention context. Preserve fire/explosion hazard wording.",machine_seeded_needs_native_review
T140,welding,high,환기,공기를 바꾸는 것,통풍,thông gió,การระบายอากาศ,ventilasi,हावा आवतजावत,ការបញ្ចេញខ្យល់,"Translate in welding, cutting, fire-prevention context. Preserve fire/explosion hazard wording.",machine_seeded_needs_native_review
T216,quality,normal,불량,기준에 맞지 않는 제품,NG,hàng lỗi,ของเสีย/ชิ้นงานเสีย,barang cacat,खराब सामान,ទំនិញខូច,Translate in product inspection and defect-sorting context. Avoid translating as moral quality or personal evaluation.,machine_seeded_needs_native_review
T217,quality,normal,양품,기준에 맞는 정상 제품,OK품,hàng đạt chuẩn,ของดี/ชิ้นงานผ่าน,barang baik,राम्रो सामान,ទំនិញល្អ,Translate in product inspection and defect-sorting context. Avoid translating as moral quality or personal evaluation.,machine_seeded_needs_native_review
T218,quality,normal,찍힘,표면에 눌린 자국,눌림자국,vết lõm,รอยบุบ,penyok,थिचिएको दाग,ស្នាមបុក/ខូចខាត,Translate in product inspection and defect-sorting context. Avoid translating as moral quality or personal evaluation.,machine_seeded_needs_native_review
T219,quality,normal,긁힘,표면이 긁힌 손상,스크래치,vết xước,รอยขีดข่วน,goresan,कोरिएको दाग,ស្នាមឆ្កូត,Translate in product inspection and defect-sorting context. Avoid translating as moral quality or personal evaluation.,machine_seeded_needs_native_review
T220,quality,normal,깨짐,제품이 갈라지거나 부서짐,파손,bị vỡ,แตก,pecah,फुटेको,បែក,Translate in product inspection and defect-sorting context. Avoid translating as moral quality or personal evaluation.,machine_seeded_needs_native_review
T221,quality,normal,누락,있어야 할 것이 빠짐,빠짐,thiếu,ขาด/ตกหล่น,terlewat/hilang,छुटेको,ខ្វះ/បាត់,Translate in product inspection and defect-sorting context. Avoid translating as moral quality or personal evaluation.,machine_seeded_needs_native_review
T222,quality,normal,오염,먼지나 이물질이 묻음,더러움,bị bẩn/nhiễm bẩn,ปนเปื้อน,terkontaminasi,दूषित,កខ្វក់,Translate in product inspection and defect-sorting context. Avoid translating as moral quality or personal evaluation.,machine_seeded_needs_native_review
T223,quality,normal,변색,색이 달라짐,색변함,đổi màu,สีเปลี่ยน,perubahan warna,रङ फेरिएको,ប្រែពណ៌,Translate in product inspection and defect-sorting context. Avoid translating as moral quality or personal evaluation.,machine_seeded_needs_native_review
T224,quality,normal,수량부족,개수가 모자람,개수부족,thiếu số lượng,จำนวนไม่พอ,jumlah kurang,संख्या कम,ចំនួនខ្វះ,Translate in product inspection and defect-sorting context. Avoid translating as moral quality or personal evaluation.,machine_seeded_needs_native_review
T225,quality,normal,재작업,다시 고쳐 작업함,리워크,làm lại,ทำซ้ำ/แก้งาน,kerja ulang,फेरि काम गर्नु,ធ្វើឡើងវិញ,Translate in product inspection and defect-sorting context. Avoid translating as moral quality or personal evaluation.,machine_seeded_needs_native_review
T226,quality,normal,폐기,버리거나 사용하지 않음,버림,loại bỏ,ทิ้ง/คัดทิ้ง,buang,फाल्नु,បោះចោល,Translate in product inspection and defect-sorting context. Avoid translating as moral quality or personal evaluation.,machine_seeded_needs_native_review
T227,quality,normal,샘플,검사용 대표 제품,시료,mẫu,ตัวอย่าง,sampel,नमूना,គំរូ,Translate in product inspection and defect-sorting context. Avoid translating as moral quality or personal evaluation.,machine_seeded_needs_native_review
T228,quality,normal,검사,기준에 맞는지 확인,체크,kiểm tra,ตรวจสอบ,inspeksi,जाँच,ពិនិត្យ,Translate in product inspection and defect-sorting context. Avoid translating as moral quality or personal evaluation.,machine_seeded_needs_native_review
T229,quality,normal,포장방향,제품을 넣는 방향,방향,hướng đóng gói,ทิศทางการบรรจุ,arah pengemasan,प्याकिङ दिशा,ទិសដៅវេចខ្ចប់,Translate in product inspection and defect-sorting context. Avoid translating as moral quality or personal evaluation.,machine_seeded_needs_native_review
T230,quality,normal,로트번호,제품 묶음 식별 번호,LOT,số lô,หมายเลขล็อต,nomor lot,लट नम्बर,លេខឡូត៍,Translate in product inspection and defect-sorting context. Avoid translating as moral quality or personal evaluation.,machine_seeded_needs_native_review
